<?xml version='1.0' encoding='UTF-8'?>
<?artifactRepository version='1.1.0'?>
<repository name='Bundle pool' type='org.eclipse.equinox.p2.artifact.repository.simpleRepository' version='1.0.0'>
  <properties size='2'>
    <property name='p2.system' value='true'/>
    <property name='p2.timestamp' value='1258132404984'/>
  </properties>
  <mappings size='3'>
    <rule filter='(&amp; (classifier=osgi.bundle))' output='${repoUrl}/plugins/${id}-${version}.jar'/>
    <rule filter='(&amp; (classifier=binary))' output='${repoUrl}/binary/${id}_${version}'/>
    <rule filter='(&amp; (classifier=org.eclipse.update.feature))' output='${repoUrl}/features/${id}_${version}.jar'/>
  </mappings>
  <artifacts size='120'>
    <artifact classifier='osgi.bundle' id='org.wso2.carbon.user.mgt.ui' version='2.0.2'>
      <properties size='2'>
        <property name='artifact.size' value='855904'/>
        <property name='download.size' value='855904'/>
      </properties>
    </artifact>
    <artifact classifier='osgi.bundle' id='org.eclipse.ecf.provider.filetransfer.httpclient.ssl' version='1.0.0.v20090520-0800'>
      <properties size='2'>
        <property name='artifact.size' value='15927'/>
        <property name='download.size' value='15927'/>
      </properties>
    </artifact>
    <artifact classifier='osgi.bundle' id='org.eclipse.ecf.identity' version='3.0.0.v20090520-0800'>
      <properties size='2'>
        <property name='artifact.size' value='53743'/>
        <property name='download.size' value='53743'/>
      </properties>
    </artifact>
    <artifact classifier='osgi.bundle' id='org.apache.jasper' version='5.5.17.v200806031609'>
      <properties size='2'>
        <property name='artifact.size' value='1721091'/>
        <property name='download.size' value='1721091'/>
      </properties>
    </artifact>
    <artifact classifier='osgi.bundle' id='org.eclipse.ecf.provider.filetransfer.ssl' version='1.0.0.v20090520-0800'>
      <properties size='2'>
        <property name='artifact.size' value='7618'/>
        <property name='download.size' value='7618'/>
      </properties>
    </artifact>
    <artifact classifier='osgi.bundle' id='javax.servlet.jsp' version='2.0.0.v200806031607'>
      <properties size='2'>
        <property name='artifact.size' value='62710'/>
        <property name='download.size' value='62710'/>
      </properties>
    </artifact>
    <artifact classifier='osgi.bundle' id='org.sat4j.pb' version='2.1.0.v20090520'>
      <properties size='2'>
        <property name='artifact.size' value='106651'/>
        <property name='download.size' value='106651'/>
      </properties>
    </artifact>
    <artifact classifier='osgi.bundle' id='org.eclipse.equinox.simpleconfigurator' version='1.0.100.v20090520-1905'>
      <properties size='2'>
        <property name='artifact.size' value='37600'/>
        <property name='download.size' value='37600'/>
      </properties>
    </artifact>
    <artifact classifier='osgi.bundle' id='axis2-transport-jms' version='1.0.0.wso2v2'>
      <properties size='2'>
        <property name='artifact.size' value='72040'/>
        <property name='download.size' value='72040'/>
      </properties>
    </artifact>
    <artifact classifier='osgi.bundle' id='org.eclipse.equinox.concurrent' version='1.0.0.v20090520-1800'>
      <properties size='2'>
        <property name='artifact.size' value='18655'/>
        <property name='download.size' value='18655'/>
      </properties>
    </artifact>
    <artifact classifier='osgi.bundle' id='org.apache.commons.httpclient' version='3.1.0.v20080605-1935'>
      <properties size='2'>
        <property name='artifact.size' value='320150'/>
        <property name='download.size' value='320150'/>
      </properties>
    </artifact>
    <artifact classifier='osgi.bundle' id='ehcache' version='1.5.0.wso2v1'>
      <properties size='2'>
        <property name='artifact.size' value='265543'/>
        <property name='download.size' value='265543'/>
      </properties>
    </artifact>
    <artifact classifier='osgi.bundle' id='org.wso2.carbon.servletbridge' version='1.0.1'>
      <properties size='2'>
        <property name='artifact.size' value='392'/>
        <property name='download.size' value='392'/>
      </properties>
    </artifact>
    <artifact classifier='osgi.bundle' id='org.eclipse.core.commands' version='3.5.0.I20090429-1800'>
      <properties size='2'>
        <property name='artifact.size' value='105800'/>
        <property name='download.size' value='105800'/>
      </properties>
    </artifact>
    <artifact classifier='osgi.bundle' id='org.eclipse.ecf.filetransfer' version='3.0.0.v20090520-0800'>
      <properties size='2'>
        <property name='artifact.size' value='48748'/>
        <property name='download.size' value='48748'/>
      </properties>
    </artifact>
    <artifact classifier='osgi.bundle' id='authenticator' version='0.7.0.wso2v1'>
      <properties size='2'>
        <property name='artifact.size' value='10017'/>
        <property name='download.size' value='10017'/>
      </properties>
    </artifact>
    <artifact classifier='osgi.bundle' id='org.eclipse.equinox.p2.repository.tools' version='1.0.0.v20090520-1905'>
      <properties size='2'>
        <property name='artifact.size' value='167464'/>
        <property name='download.size' value='167464'/>
      </properties>
    </artifact>
    <artifact classifier='osgi.bundle' id='org.eclipse.equinox.p2.director' version='1.0.100.v20090520-1905'>
      <properties size='2'>
        <property name='artifact.size' value='86973'/>
        <property name='download.size' value='86973'/>
      </properties>
    </artifact>
    <artifact classifier='osgi.bundle' id='neethi' version='2.0.4.wso2v1'>
      <properties size='2'>
        <property name='artifact.size' value='27159'/>
        <property name='download.size' value='27159'/>
      </properties>
    </artifact>
    <artifact classifier='osgi.bundle' id='org.eclipse.core.runtime' version='3.5.0.v20090429-1800'>
      <properties size='2'>
        <property name='artifact.size' value='69777'/>
        <property name='download.size' value='69777'/>
      </properties>
    </artifact>
    <artifact classifier='osgi.bundle' id='org.wso2.carbon.ui' version='2.0.2'>
      <properties size='2'>
        <property name='artifact.size' value='2755528'/>
        <property name='download.size' value='2755528'/>
      </properties>
    </artifact>
    <artifact classifier='osgi.bundle' id='org.eclipse.equinox.p2.artifact.repository' version='1.0.100.v20090520-1905-wso2v1'>
      <properties size='2'>
        <property name='artifact.size' value='156335'/>
        <property name='download.size' value='156335'/>
      </properties>
    </artifact>
    <artifact classifier='osgi.bundle' id='org.eclipse.equinox.p2.touchpoint.eclipse' version='1.0.100.v20090520-1905-wso2v1'>
      <properties size='2'>
        <property name='artifact.size' value='95521'/>
        <property name='download.size' value='95521'/>
      </properties>
    </artifact>
    <artifact classifier='osgi.bundle' id='org.eclipse.core.expressions' version='3.4.100.v20090429-1800'>
      <properties size='2'>
        <property name='artifact.size' value='85750'/>
        <property name='download.size' value='85750'/>
      </properties>
    </artifact>
    <artifact classifier='osgi.bundle' id='wss4j' version='1.5.7.wso2v2'>
      <properties size='2'>
        <property name='artifact.size' value='1687342'/>
        <property name='download.size' value='1687342'/>
      </properties>
    </artifact>
    <artifact classifier='osgi.bundle' id='org.eclipse.core.jobs' version='3.4.100.v20090429-1800'>
      <properties size='2'>
        <property name='artifact.size' value='81848'/>
        <property name='download.size' value='81848'/>
      </properties>
    </artifact>
    <artifact classifier='osgi.bundle' id='org.eclipse.equinox.p2.publisher' version='1.0.0.v20090521-1912'>
      <properties size='2'>
        <property name='artifact.size' value='266703'/>
        <property name='download.size' value='266703'/>
      </properties>
    </artifact>
    <artifact classifier='osgi.bundle' id='org.wso2.carbon.server.admin.ui' version='2.0.2'>
      <properties size='2'>
        <property name='artifact.size' value='161793'/>
        <property name='download.size' value='161793'/>
      </properties>
    </artifact>
    <artifact classifier='osgi.bundle' id='org.eclipse.ecf.provider.filetransfer' version='3.0.0.v20090520-0800'>
      <properties size='2'>
        <property name='artifact.size' value='119027'/>
        <property name='download.size' value='119027'/>
      </properties>
    </artifact>
    <artifact classifier='osgi.bundle' id='org.eclipse.equinox.ds' version='1.1.0.v20090520-1800'>
      <properties size='2'>
        <property name='artifact.size' value='167353'/>
        <property name='download.size' value='167353'/>
      </properties>
    </artifact>
    <artifact classifier='osgi.bundle' id='axiom' version='1.2.7.wso2v1'>
      <properties size='2'>
        <property name='artifact.size' value='1529113'/>
        <property name='download.size' value='1529113'/>
      </properties>
    </artifact>
    <artifact classifier='osgi.bundle' id='org.apache.commons.el' version='1.0.0.v200806031608'>
      <properties size='2'>
        <property name='artifact.size' value='127498'/>
        <property name='download.size' value='127498'/>
      </properties>
    </artifact>
    <artifact classifier='osgi.bundle' id='taglibs.standard' version='1.1.2.wso2v1'>
      <properties size='2'>
        <property name='artifact.size' value='422253'/>
        <property name='download.size' value='422253'/>
      </properties>
    </artifact>
    <artifact classifier='osgi.bundle' id='org.eclipse.equinox.p2.engine' version='1.0.100.v20090520-1905'>
      <properties size='2'>
        <property name='artifact.size' value='157148'/>
        <property name='download.size' value='157148'/>
      </properties>
    </artifact>
    <artifact classifier='osgi.bundle' id='tribes' version='6.0.16.wso2v1'>
      <properties size='2'>
        <property name='artifact.size' value='251458'/>
        <property name='download.size' value='251458'/>
      </properties>
    </artifact>
    <artifact classifier='osgi.bundle' id='org.wso2.carbon.core' version='2.0.2'>
      <properties size='2'>
        <property name='artifact.size' value='1683067'/>
        <property name='download.size' value='1683067'/>
      </properties>
    </artifact>
    <artifact classifier='osgi.bundle' id='org.wso2.carbon.utils' version='2.0.2'>
      <properties size='2'>
        <property name='artifact.size' value='1044768'/>
        <property name='download.size' value='1044768'/>
      </properties>
    </artifact>
    <artifact classifier='osgi.bundle' id='compass' version='2.0.1.wso2v2'>
      <properties size='2'>
        <property name='artifact.size' value='5713611'/>
        <property name='download.size' value='5713611'/>
      </properties>
    </artifact>
    <artifact classifier='osgi.bundle' id='xmlbeans' version='2.3.0.wso2v1'>
      <properties size='2'>
        <property name='artifact.size' value='2699050'/>
        <property name='download.size' value='2699050'/>
      </properties>
    </artifact>
    <artifact classifier='osgi.bundle' id='org.eclipse.equinox.p2.updatesite' version='1.0.100.v20090520-1905'>
      <properties size='2'>
        <property name='artifact.size' value='67154'/>
        <property name='download.size' value='67154'/>
      </properties>
    </artifact>
    <artifact classifier='osgi.bundle' id='org.eclipse.core.runtime.compatibility.auth' version='3.2.100.v20090413'>
      <properties size='2'>
        <property name='artifact.size' value='21559'/>
        <property name='download.size' value='21559'/>
      </properties>
    </artifact>
    <artifact classifier='osgi.bundle' id='backport-util-concurrent' version='3.1.0.wso2v1'>
      <properties size='2'>
        <property name='artifact.size' value='337948'/>
        <property name='download.size' value='337948'/>
      </properties>
    </artifact>
    <artifact classifier='osgi.bundle' id='abdera' version='0.4.0.wso2v1'>
      <properties size='2'>
        <property name='artifact.size' value='1067719'/>
        <property name='download.size' value='1067719'/>
      </properties>
    </artifact>
    <artifact classifier='osgi.bundle' id='org.wso2.carbon.sso.consumer' version='2.0.2'>
      <properties size='2'>
        <property name='artifact.size' value='59602'/>
        <property name='download.size' value='59602'/>
      </properties>
    </artifact>
    <artifact classifier='osgi.bundle' id='geronimo-stax-api_1.0_spec' version='1.0.1.wso2v1'>
      <properties size='2'>
        <property name='artifact.size' value='552053'/>
        <property name='download.size' value='552053'/>
      </properties>
    </artifact>
    <artifact classifier='osgi.bundle' id='org.eclipse.equinox.p2.garbagecollector' version='1.0.100.v20090520-1905'>
      <properties size='2'>
        <property name='artifact.size' value='21556'/>
        <property name='download.size' value='21556'/>
      </properties>
    </artifact>
    <artifact classifier='osgi.bundle' id='org.eclipse.equinox.p2.metadata.repository' version='1.0.100.v20090520-1905'>
      <properties size='2'>
        <property name='artifact.size' value='125061'/>
        <property name='download.size' value='125061'/>
      </properties>
    </artifact>
    <artifact classifier='osgi.bundle' id='axis2-transport-base' version='1.0.0.wso2v2'>
      <properties size='2'>
        <property name='artifact.size' value='91647'/>
        <property name='download.size' value='91647'/>
      </properties>
    </artifact>
    <artifact classifier='osgi.bundle' id='org.eclipse.core.contenttype' version='3.4.0.v20090429-1800'>
      <properties size='2'>
        <property name='artifact.size' value='87491'/>
        <property name='download.size' value='87491'/>
      </properties>
    </artifact>
    <artifact classifier='osgi.bundle' id='org.apache.commons.codec' version='1.3.0.v20080530-1600'>
      <properties size='2'>
        <property name='artifact.size' value='53772'/>
        <property name='download.size' value='53772'/>
      </properties>
    </artifact>
    <artifact classifier='osgi.bundle' id='org.wso2.carbon.http.bridge' version='2.0.2'>
      <properties size='2'>
        <property name='artifact.size' value='4392'/>
        <property name='download.size' value='4392'/>
      </properties>
    </artifact>
    <artifact classifier='osgi.bundle' id='ajaxtags' version='1.3.0.beta-rc7-wso2v1'>
      <properties size='2'>
        <property name='artifact.size' value='431674'/>
        <property name='download.size' value='431674'/>
      </properties>
    </artifact>
    <artifact classifier='osgi.bundle' id='org.eclipse.equinox.registry' version='3.4.100.v20090520-1800'>
      <properties size='2'>
        <property name='artifact.size' value='173316'/>
        <property name='download.size' value='173316'/>
      </properties>
    </artifact>
    <artifact classifier='osgi.bundle' id='org.eclipse.core.net' version='1.2.0.I20090522-1010'>
      <properties size='2'>
        <property name='artifact.size' value='64153'/>
        <property name='download.size' value='64153'/>
      </properties>
    </artifact>
    <artifact classifier='osgi.bundle' id='commons-collections' version='3.1.0.wso2v1'>
      <properties size='2'>
        <property name='artifact.size' value='557471'/>
        <property name='download.size' value='557471'/>
      </properties>
    </artifact>
    <artifact classifier='osgi.bundle' id='org.eclipse.equinox.common' version='3.5.0.v20090520-1800'>
      <properties size='2'>
        <property name='artifact.size' value='99430'/>
        <property name='download.size' value='99430'/>
      </properties>
    </artifact>
    <artifact classifier='osgi.bundle' id='org.eclipse.equinox.p2.metadata' version='1.0.100.v20090520-1905'>
      <properties size='2'>
        <property name='artifact.size' value='53192'/>
        <property name='download.size' value='53192'/>
      </properties>
    </artifact>
    <artifact classifier='osgi.bundle' id='poi-scratchpad' version='3.5.0.wso2v1'>
      <properties size='2'>
        <property name='artifact.size' value='2309349'/>
        <property name='download.size' value='2309349'/>
      </properties>
    </artifact>
    <artifact classifier='osgi.bundle' id='org.eclipse.equinox.p2.exemplarysetup' version='1.0.100.v20090520-1905'>
      <properties size='2'>
        <property name='artifact.size' value='8414'/>
        <property name='download.size' value='8414'/>
      </properties>
    </artifact>
    <artifact classifier='osgi.bundle' id='commons-fileupload' version='1.2.0.wso2v1'>
      <properties size='2'>
        <property name='artifact.size' value='47955'/>
        <property name='download.size' value='47955'/>
      </properties>
    </artifact>
    <artifact classifier='osgi.bundle' id='h2-database-engine' version='1.1.112.wso2v1'>
      <properties size='2'>
        <property name='artifact.size' value='1115963'/>
        <property name='download.size' value='1115963'/>
      </properties>
    </artifact>
    <artifact classifier='osgi.bundle' id='commons-dbcp' version='1.2.2.wso2v1'>
      <properties size='2'>
        <property name='artifact.size' value='118512'/>
        <property name='download.size' value='118512'/>
      </properties>
    </artifact>
    <artifact classifier='osgi.bundle' id='org.wso2.carbon.user.core' version='2.0.2'>
      <properties size='2'>
        <property name='artifact.size' value='203594'/>
        <property name='download.size' value='203594'/>
      </properties>
    </artifact>
    <artifact classifier='osgi.bundle' id='httpcore' version='4.0.0.wso2v1'>
      <properties size='2'>
        <property name='artifact.size' value='170576'/>
        <property name='download.size' value='170576'/>
      </properties>
    </artifact>
    <artifact classifier='osgi.bundle' id='commons-httpclient' version='3.1.0.wso2v1'>
      <properties size='2'>
        <property name='artifact.size' value='305732'/>
        <property name='download.size' value='305732'/>
      </properties>
    </artifact>
    <artifact classifier='osgi.bundle' id='org.eclipse.osgi.services' version='3.2.0.v20090520-1800'>
      <properties size='2'>
        <property name='artifact.size' value='66065'/>
        <property name='download.size' value='66065'/>
      </properties>
    </artifact>
    <artifact classifier='osgi.bundle' id='opensaml2' version='2.0.1.alpha1-wso2v1'>
      <properties size='2'>
        <property name='artifact.size' value='4713942'/>
        <property name='download.size' value='4713942'/>
      </properties>
    </artifact>
    <artifact classifier='osgi.bundle' id='smackx' version='3.0.4.wso2v1'>
      <properties size='2'>
        <property name='artifact.size' value='482535'/>
        <property name='download.size' value='482535'/>
      </properties>
    </artifact>
    <artifact classifier='osgi.bundle' id='org.eclipse.equinox.p2.reconciler.dropins' version='1.0.100.v20090520-1905'>
      <properties size='2'>
        <property name='artifact.size' value='39917'/>
        <property name='download.size' value='39917'/>
      </properties>
    </artifact>
    <artifact classifier='osgi.bundle' id='org.eclipse.equinox.util' version='1.0.100.v20090520-1800'>
      <properties size='2'>
        <property name='artifact.size' value='75578'/>
        <property name='download.size' value='75578'/>
      </properties>
    </artifact>
    <artifact classifier='osgi.bundle' id='axis2' version='1.5.0.wso2v3'>
      <properties size='2'>
        <property name='artifact.size' value='6532579'/>
        <property name='download.size' value='6532579'/>
      </properties>
    </artifact>
    <artifact classifier='osgi.bundle' id='commons-io' version='1.4.0.wso2v1'>
      <properties size='2'>
        <property name='artifact.size' value='104007'/>
        <property name='download.size' value='104007'/>
      </properties>
    </artifact>
    <artifact classifier='osgi.bundle' id='geronimo-jaxws_2.1_spec' version='1.0.0.wso2v1'>
      <properties size='2'>
        <property name='artifact.size' value='16268'/>
        <property name='download.size' value='16268'/>
      </properties>
    </artifact>
    <artifact classifier='osgi.bundle' id='commons-codec' version='1.3.0.wso2v1'>
      <properties size='2'>
        <property name='artifact.size' value='45062'/>
        <property name='download.size' value='45062'/>
      </properties>
    </artifact>
    <artifact classifier='osgi.bundle' id='org.eclipse.equinox.p2.metadata.generator' version='1.0.100.v20090520-1905'>
      <properties size='2'>
        <property name='artifact.size' value='132839'/>
        <property name='download.size' value='132839'/>
      </properties>
    </artifact>
    <artifact classifier='osgi.bundle' id='httpcore' version='4.1.0.alpha1-wso2v1'>
      <properties size='2'>
        <property name='artifact.size' value='174269'/>
        <property name='download.size' value='174269'/>
      </properties>
    </artifact>
    <artifact classifier='osgi.bundle' id='org.eclipse.equinox.simpleconfigurator.manipulator' version='1.0.100.v20090520-1905'>
      <properties size='2'>
        <property name='artifact.size' value='21357'/>
        <property name='download.size' value='21357'/>
      </properties>
    </artifact>
    <artifact classifier='osgi.bundle' id='org.eclipse.ecf' version='3.0.0.v20090520-0800'>
      <properties size='2'>
        <property name='artifact.size' value='86383'/>
        <property name='download.size' value='86383'/>
      </properties>
    </artifact>
    <artifact classifier='osgi.bundle' id='wsdl4j' version='1.6.2.wso2v1'>
      <properties size='2'>
        <property name='artifact.size' value='153361'/>
        <property name='download.size' value='153361'/>
      </properties>
    </artifact>
    <artifact classifier='osgi.bundle' id='org.wso2.carbon.securevault' version='2.0.2'>
      <properties size='2'>
        <property name='artifact.size' value='9339'/>
        <property name='download.size' value='9339'/>
      </properties>
    </artifact>
    <artifact classifier='osgi.bundle' id='org.eclipse.equinox.p2.core' version='1.0.100.v20090520-1905'>
      <properties size='2'>
        <property name='artifact.size' value='124814'/>
        <property name='download.size' value='124814'/>
      </properties>
    </artifact>
    <artifact classifier='osgi.bundle' id='org.eclipse.equinox.app' version='1.2.0.v20090520-1800'>
      <properties size='2'>
        <property name='artifact.size' value='81684'/>
        <property name='download.size' value='81684'/>
      </properties>
    </artifact>
    <artifact classifier='osgi.bundle' id='org.eclipse.equinox.jsp.jasper' version='1.0.200.v20090520-1800'>
      <properties size='2'>
        <property name='artifact.size' value='22552'/>
        <property name='download.size' value='22552'/>
      </properties>
    </artifact>
    <artifact classifier='osgi.bundle' id='synapse-commons' version='1.3.0.wso2v3'>
      <properties size='2'>
        <property name='artifact.size' value='131714'/>
        <property name='download.size' value='131714'/>
      </properties>
    </artifact>
    <artifact classifier='osgi.bundle' id='org.apache.commons.logging' version='1.0.4.v200904062259'>
      <properties size='2'>
        <property name='artifact.size' value='44210'/>
        <property name='download.size' value='44210'/>
      </properties>
    </artifact>
    <artifact classifier='osgi.bundle' id='org.wso2.carbon.user.mgt' version='2.0.2'>
      <properties size='2'>
        <property name='artifact.size' value='33106'/>
        <property name='download.size' value='33106'/>
      </properties>
    </artifact>
    <artifact classifier='osgi.bundle' id='org.wso2.carbon.ui.menu.general' version='2.0.2'>
      <properties size='2'>
        <property name='artifact.size' value='4677'/>
        <property name='download.size' value='4677'/>
      </properties>
    </artifact>
    <artifact classifier='osgi.bundle' id='org.eclipse.equinox.launcher' version='1.0.200.v20090520'>
      <properties size='2'>
        <property name='artifact.size' value='44770'/>
        <property name='download.size' value='44770'/>
      </properties>
    </artifact>
    <artifact classifier='osgi.bundle' id='org.eclipse.equinox.p2.jarprocessor' version='1.0.100.v20090520-1905'>
      <properties size='2'>
        <property name='artifact.size' value='61359'/>
        <property name='download.size' value='61359'/>
      </properties>
    </artifact>
    <artifact classifier='osgi.bundle' id='org.eclipse.equinox.p2.console' version='1.0.100.v20090520-1905-wso2v1'>
      <properties size='2'>
        <property name='artifact.size' value='15357'/>
        <property name='download.size' value='15357'/>
      </properties>
    </artifact>
    <artifact classifier='osgi.bundle' id='org.sat4j.core' version='2.1.0.v20090520'>
      <properties size='2'>
        <property name='artifact.size' value='175618'/>
        <property name='download.size' value='175618'/>
      </properties>
    </artifact>
    <artifact classifier='osgi.bundle' id='org.wso2.carbon.i18n' version='2.0.2'>
      <properties size='2'>
        <property name='artifact.size' value='4450'/>
        <property name='download.size' value='4450'/>
      </properties>
    </artifact>
    <artifact classifier='osgi.bundle' id='tiles-jsp' version='2.0.5.wso2v1'>
      <properties size='2'>
        <property name='artifact.size' value='464434'/>
        <property name='download.size' value='464434'/>
      </properties>
    </artifact>
    <artifact classifier='osgi.bundle' id='poi' version='3.5.0.wso2v1'>
      <properties size='2'>
        <property name='artifact.size' value='1515314'/>
        <property name='download.size' value='1515314'/>
      </properties>
    </artifact>
    <artifact classifier='osgi.bundle' id='org.eclipse.equinox.frameworkadmin' version='1.0.100.v20090520-1905'>
      <properties size='2'>
        <property name='artifact.size' value='33630'/>
        <property name='download.size' value='33630'/>
      </properties>
    </artifact>
    <artifact classifier='osgi.bundle' id='ant' version='1.7.0.wso2v1'>
      <properties size='2'>
        <property name='artifact.size' value='1306259'/>
        <property name='download.size' value='1306259'/>
      </properties>
    </artifact>
    <artifact classifier='osgi.bundle' id='org.eclipse.equinox.p2.touchpoint.natives' version='1.0.100.v20090520-1905'>
      <properties size='2'>
        <property name='artifact.size' value='46245'/>
        <property name='download.size' value='46245'/>
      </properties>
    </artifact>
    <artifact classifier='osgi.bundle' id='org.eclipse.equinox.p2.updatechecker' version='1.1.0.v20090520-1905'>
      <properties size='2'>
        <property name='artifact.size' value='15028'/>
        <property name='download.size' value='15028'/>
      </properties>
    </artifact>
    <artifact classifier='osgi.bundle' id='org.eclipse.equinox.http.helper' version='1.0.1'>
      <properties size='2'>
        <property name='artifact.size' value='19608'/>
        <property name='download.size' value='19608'/>
      </properties>
    </artifact>
    <artifact classifier='osgi.bundle' id='XmlSchema' version='1.4.2.wso2v1'>
      <properties size='2'>
        <property name='artifact.size' value='133991'/>
        <property name='download.size' value='133991'/>
      </properties>
    </artifact>
    <artifact classifier='osgi.bundle' id='annogen' version='0.1.0.wso2v1'>
      <properties size='2'>
        <property name='artifact.size' value='254966'/>
        <property name='download.size' value='254966'/>
      </properties>
    </artifact>
    <artifact classifier='osgi.bundle' id='commons-pool' version='1.3.0.wso2v1'>
      <properties size='2'>
        <property name='artifact.size' value='59515'/>
        <property name='download.size' value='59515'/>
      </properties>
    </artifact>
    <artifact classifier='osgi.bundle' id='org.eclipse.equinox.p2.extensionlocation' version='1.0.100.v20090520-1905'>
      <properties size='2'>
        <property name='artifact.size' value='30839'/>
        <property name='download.size' value='30839'/>
      </properties>
    </artifact>
    <artifact classifier='osgi.bundle' id='smack' version='3.0.4.wso2v1'>
      <properties size='2'>
        <property name='artifact.size' value='272328'/>
        <property name='download.size' value='272328'/>
      </properties>
    </artifact>
    <artifact classifier='osgi.bundle' id='org.eclipse.ecf.provider.filetransfer.httpclient' version='3.0.0.v20090520-0800'>
      <properties size='2'>
        <property name='artifact.size' value='62142'/>
        <property name='download.size' value='62142'/>
      </properties>
    </artifact>
    <artifact classifier='osgi.bundle' id='commons-lang' version='2.3.0.wso2v1'>
      <properties size='2'>
        <property name='artifact.size' value='244961'/>
        <property name='download.size' value='244961'/>
      </properties>
    </artifact>
    <artifact classifier='osgi.bundle' id='org.eclipse.equinox.p2.director.app' version='1.0.100.v20090521-1912'>
      <properties size='2'>
        <property name='artifact.size' value='44884'/>
        <property name='download.size' value='44884'/>
      </properties>
    </artifact>
    <artifact classifier='osgi.bundle' id='org.eclipse.ecf.ssl' version='1.0.0.v20090520-0800'>
      <properties size='2'>
        <property name='artifact.size' value='10684'/>
        <property name='download.size' value='10684'/>
      </properties>
    </artifact>
    <artifact classifier='osgi.bundle' id='org.eclipse.equinox.security' version='1.0.100.v20090520-1800'>
      <properties size='2'>
        <property name='artifact.size' value='104691'/>
        <property name='download.size' value='104691'/>
      </properties>
    </artifact>
    <artifact classifier='osgi.bundle' id='org.eclipse.equinox.p2.repository' version='1.0.0.v20090520-1905'>
      <properties size='2'>
        <property name='artifact.size' value='105169'/>
        <property name='download.size' value='105169'/>
      </properties>
    </artifact>
    <artifact classifier='osgi.bundle' id='org.wso2.carbon.logging' version='2.0.2'>
      <properties size='2'>
        <property name='artifact.size' value='393949'/>
        <property name='download.size' value='393949'/>
      </properties>
    </artifact>
    <artifact classifier='osgi.bundle' id='org.eclipse.equinox.p2.directorywatcher' version='1.0.100.v20090520-1905'>
      <properties size='2'>
        <property name='artifact.size' value='27592'/>
        <property name='download.size' value='27592'/>
      </properties>
    </artifact>
    <artifact classifier='osgi.bundle' id='org.wso2.carbon.registry.core' version='2.0.2'>
      <properties size='2'>
        <property name='artifact.size' value='469127'/>
        <property name='download.size' value='469127'/>
      </properties>
    </artifact>
    <artifact classifier='osgi.bundle' id='org.wso2.carbon.server.admin' version='2.0.2'>
      <properties size='2'>
        <property name='artifact.size' value='31098'/>
        <property name='download.size' value='31098'/>
      </properties>
    </artifact>
    <artifact classifier='osgi.bundle' id='woden' version='1.0.0.M8-wso2v1'>
      <properties size='2'>
        <property name='artifact.size' value='359628'/>
        <property name='download.size' value='359628'/>
      </properties>
    </artifact>
    <artifact classifier='osgi.bundle' id='org.eclipse.equinox.preferences' version='3.2.300.v20090520-1800'>
      <properties size='2'>
        <property name='artifact.size' value='105368'/>
        <property name='download.size' value='105368'/>
      </properties>
    </artifact>
    <artifact classifier='osgi.bundle' id='org.eclipse.equinox.frameworkadmin.equinox' version='1.0.100.v20090520-1905'>
      <properties size='2'>
        <property name='artifact.size' value='60354'/>
        <property name='download.size' value='60354'/>
      </properties>
    </artifact>
    <artifact classifier='osgi.bundle' id='org.wso2.carbon.core.services' version='2.0.2'>
      <properties size='2'>
        <property name='artifact.size' value='23346'/>
        <property name='download.size' value='23346'/>
      </properties>
    </artifact>
    <artifact classifier='osgi.bundle' id='org.eclipse.osgi' version='3.5.0.v20090520'>
      <properties size='2'>
        <property name='artifact.size' value='1122602'/>
        <property name='download.size' value='1122602'/>
      </properties>
    </artifact>
    <artifact classifier='osgi.bundle' id='org.eclipse.equinox.http.servlet' version='1.0.200.v20090520-1800-wso2v1'>
      <properties size='2'>
        <property name='artifact.size' value='31298'/>
        <property name='download.size' value='31298'/>
      </properties>
    </artifact>
  </artifacts>
</repository>
