<?xml version='1.0' encoding='UTF-8'?>
<?artifactRepository version='1.1.0'?>
<repository name='artifact listener dropins' type='org.eclipse.equinox.p2.artifact.repository.simpleRepository' version='1.0.0'>
  <properties size='2'>
    <property name='p2.system' value='true'/>
    <property name='p2.timestamp' value='1266846097708'/>
  </properties>
  <mappings size='3'>
    <rule filter='(&amp; (classifier=osgi.bundle))' output='${repoUrl}/plugins/${id}-${version}.jar'/>
    <rule filter='(&amp; (classifier=binary))' output='${repoUrl}/binary/${id}-${version}'/>
    <rule filter='(&amp; (classifier=org.eclipse.update.feature))' output='${repoUrl}/features/${id}_${version}.jar'/>
  </mappings>
  <artifacts size='1'>
    <artifact classifier='osgi.bundle' id='org.wso2.carbon.framework.extension.geronimo_jta_1.1_spec_1.1.0.wso2v1' version='1.0.0'>
      <properties size='3'>
        <property name='artifact.size' value='11845'/>
        <property name='download.size' value='11845'/>
        <property name='download.md5' value='204838d90792b27235a4af7b659e6bb6'/>
      </properties>
      <repositoryProperties size='2'>
        <property name='artifact.reference' value='file:/E:/wsf/c/trunk/carbon/wso2carbon-2.0.2/repository/components/dropins/org.wso2.carbon.framework.extension.geronimo_jta_1.1_spec_1.1.0.wso2v1_1.0.0.jar'/>
        <property name='file.name' value='E:\wsf\c\trunk\carbon\wso2carbon-2.0.2\repository\components\dropins\org.wso2.carbon.framework.extension.geronimo_jta_1.1_spec_1.1.0.wso2v1_1.0.0.jar'/>
      </repositoryProperties>
    </artifact>
  </artifacts>
</repository>
