<?xml version='1.0' encoding='UTF-8'?>
<?metadataRepository version='1.1.0'?>
<repository name='metadata listener dropins' type='org.eclipse.equinox.internal.p2.metadata.repository.LocalMetadataRepository' version='1.0.0'>
  <properties size='2'>
    <property name='p2.system' value='true'/>
    <property name='p2.timestamp' value='1266933905321'/>
  </properties>
  <units size='1'>
    <unit id='org.wso2.carbon.framework.extension.geronimo_jta_1.1_spec_1.1.0.wso2v1' version='1.0.0' singleton='false'>
      <update id='org.wso2.carbon.framework.extension.geronimo_jta_1.1_spec_1.1.0.wso2v1' range='[0.0.0,1.0.0)' severity='0'/>
      <properties size='3'>
        <property name='org.eclipse.equinox.p2.name' value='geronimo_jta_1.1_spec_1.1.0.wso2v1'/>
        <property name='file.name' value='E:\wsf\c\trunk\wso2carbon-2.0.2\repository\components\dropins\org.wso2.carbon.framework.extension.geronimo_jta_1.1_spec_1.1.0.wso2v1_1.0.0.jar'/>
        <property name='file.lastModified' value='1266841171955'/>
      </properties>
      <provides size='6'>
        <provided namespace='org.eclipse.equinox.p2.iu' name='org.wso2.carbon.framework.extension.geronimo_jta_1.1_spec_1.1.0.wso2v1' version='1.0.0'/>
        <provided namespace='osgi.bundle' name='org.wso2.carbon.framework.extension.geronimo_jta_1.1_spec_1.1.0.wso2v1' version='1.0.0'/>
        <provided namespace='java.package' name='javax.transaction' version='0.0.0'/>
        <provided namespace='java.package' name='javax.transaction.xa' version='0.0.0'/>
        <provided namespace='org.eclipse.equinox.p2.eclipse.type' name='bundle' version='1.0.0'/>
        <provided namespace='osgi.fragment' name='org.eclipse.osgi' version='1.0.0'/>
      </provides>
      <requires size='1'>
        <required namespace='osgi.bundle' name='org.eclipse.osgi' range='0.0.0'/>
      </requires>
      <artifacts size='1'>
        <artifact classifier='osgi.bundle' id='org.wso2.carbon.framework.extension.geronimo_jta_1.1_spec_1.1.0.wso2v1' version='1.0.0'/>
      </artifacts>
      <touchpoint id='org.eclipse.equinox.p2.osgi' version='1.0.0'/>
      <touchpointData size='1'>
        <instructions size='2'>
          <instruction key='manifest'>
            Export-Package: javax.transaction,javax.transaction.xa&#xA;Bundle-Name: geronimo_jta_1.1_spec_1.1.0.wso2v1&#xA;Bundle-Version: 1.0.0&#xA;Bundle-SymbolicName: org.wso2.carbon.framework.extension.geronimo_jta_1.1_spec_1.1.0.wso2v1&#xA;Manifest-Version: 1.0&#xA;Fragment-Host: system.bundle; extension:=framework&#xA;Bundle-ManifestVersion: 2
          </instruction>
          <instruction key='configure'>
            markStarted(started:true);
          </instruction>
        </instructions>
      </touchpointData>
    </unit>
  </units>
</repository>
