<?xml version="1.0" encoding="ISO-8859-1"?>

<!--
  ~ Copyright 2005-2009 WSO2, Inc. (http://wso2.com)
  ~
  ~ Licensed under the Apache License, Version 2.0 (the "License");
  ~ you may not use this file except in compliance with the License.
  ~ You may obtain a copy of the License at
  ~
  ~ http://www.apache.org/licenses/LICENSE-2.0
  ~
  ~ Unless required by applicable law or agreed to in writing, software
  ~ distributed under the License is distributed on an "AS IS" BASIS,
  ~ WITHOUT WARRANTIES OR CONDITIONS OF ANY KIND, either express or implied.
  ~ See the License for the specific language governing permissions and
  ~ limitations under the License.
  -->
<wso2regsitry>

    <currentDBConfig>wso2registry</currentDBConfig>
    
    <readOnly>false</readOnly>
    <registryRoot>/</registryRoot>

    <dbConfig name="wso2registry">
        <url>jdbc:h2:database/WSO2CARBON_DB</url>
        <userName>wso2carbon</userName>
        <password>wso2carbon</password>
        <driverName>org.h2.Driver</driverName>
        <maxActive>50</maxActive>
        <maxWait>60000</maxWait>
        <minIdle>5</minIdle>
    </dbConfig>

   <!--<handler class="org.wso2.carbon.registry.extensions.handlers.SynapseRepositoryHandler">
        <filter class="org.wso2.carbon.registry.core.jdbc.handlers.filters.MediaTypeMatcher">
            <property name="mediaType">application/vnd.apache.synapse</property>
        </filter>
    </handler>

    <handler class="org.wso2.carbon.registry.extensions.handlers.SynapseRepositoryHandler">
        <filter class="org.wso2.carbon.registry.core.jdbc.handlers.filters.MediaTypeMatcher">
            <property name="mediaType">application/vnd.apache.esb</property>
        </filter>
    </handler>

    <handler class="org.wso2.carbon.registry.extensions.handlers.Axis2RepositoryHandler">
        <filter class="org.wso2.carbon.registry.core.jdbc.handlers.filters.MediaTypeMatcher">
            <property name="mediaType">application/vnd.apache.axis2</property>
        </filter>
    </handler>

    <handler class="org.wso2.carbon.registry.extensions.handlers.Axis2RepositoryHandler">
        <filter class="org.wso2.carbon.registry.core.jdbc.handlers.filters.MediaTypeMatcher">
            <property name="mediaType">application/vnd.apache.wsas</property>
        </filter>
    </handler>

    <handler class="org.wso2.carbon.registry.extensions.handlers.WSDLMediaTypeHandler">
        <filter class="org.wso2.carbon.registry.core.jdbc.handlers.filters.MediaTypeMatcher">
            <property name="mediaType">application/wsdl+xml</property>
        </filter>
    </handler>

    <handler class="org.wso2.carbon.registry.extensions.handlers.XSDMediaTypeHandler">
        <filter class="org.wso2.carbon.registry.core.jdbc.handlers.filters.MediaTypeMatcher">
            <property name="mediaType">application/x-xsd+xml</property>
        </filter>
    </handler> -->

    
    <versionResourcesOnChange>true</versionResourcesOnChange>

    <!-- NOTE: You can edit the options under "StaticConfiguration" only before the
     startup. -->
    <staticConfiguration>
        <versioningProperties>true</versioningProperties>
        <versioningComments>true</versioningComments>
        <versioningTags>true</versioningTags>
        <versioningRatings>true</versioningRatings>
    </staticConfiguration>
</wso2regsitry>
