<transports>
    <transport name="http" class="org.wso2.carbon.server.transports.http.HttpTransport">
        <parameter name="port">9763</parameter>

        <!--
       Uncomment the following to enable Apache2 mod_proxy. The port on the Apache server is 80
       in this case. 
        -->
        <!--<parameter name="proxyPort">80</parameter>-->

        <parameter name="maxHttpHeaderSize">8192</parameter>
        <parameter name="maxThreads">150</parameter>
        <parameter name="minSpareThreads">25</parameter>
        <parameter name="maxSpareThreads">75</parameter>
        <parameter name="enableLookups">false</parameter>
        <parameter name="disableUploadTimeout">false</parameter>
        <parameter name="clientAuth">false</parameter>
        <parameter name="maxKeepAliveRequests">100</parameter>
        <parameter name="acceptCount">100</parameter>

        <parameter name="compression">force</parameter>
        <parameter name="compressionMinSize">2048</parameter>
        <parameter name="noCompressionUserAgents">gozilla, traviata</parameter>
        <parameter name="compressableMimeType">
            text/html,text/javascript,application/x-javascript,application/javascript,application/xml,text/css,application/xslt+xml,text/xsl,image/gif,image/jpg,image/jpeg
        </parameter>
    </transport>

    <transport name="https" class="org.wso2.carbon.server.transports.http.HttpsTransport">
        <parameter name="port">9443</parameter>

        <!--
       Uncomment the following to enable Apache2 mod_proxy. The port on the Apache server is 443
       in this case. 
        -->
        <!--<parameter name="proxyPort">443</parameter>-->
        <parameter name="sslProtocol">TLS</parameter>
        <parameter name="maxHttpHeaderSize">8192</parameter>
        <parameter name="maxThreads">150</parameter>
        <parameter name="minSpareThreads">25</parameter>
        <parameter name="maxSpareThreads">75</parameter>
        <parameter name="enableLookups">false</parameter>
        <parameter name="disableUploadTimeout">false</parameter>
        <parameter name="clientAuth">false</parameter>
        <parameter name="maxKeepAliveRequests">100</parameter>
        <parameter name="acceptCount">100</parameter>

        <parameter name="compression">force</parameter>
        <parameter name="compressionMinSize">2048</parameter>
        <parameter name="noCompressionUserAgents">gozilla, traviata</parameter>
        <parameter name="compressableMimeType">
            text/html,text/javascript,application/x-javascript,application/javascript,application/xml,text/css,application/xslt+xml,text/xsl,image/gif,image/jpg,image/jpeg
        </parameter>
        <parameter name="keystore">${carbon.home}/resources/security/wso2carbon.jks</parameter>
        <parameter name="keypass">wso2carbon</parameter>
    </transport>
</transports>
